frame_index	pts_seconds	enqueue_host_ns	proof_host_ns	proof_source	inferred_display_ns	ack2_host_ns
0	0.000000	163294978175250	163294978218041	catransaction-completed	163294970383375	0
1	0.033333	163295011486541	163295011561333	catransaction-completed	163295011482833	0
2	0.066667	163295044832458	163295044919000	catransaction-completed	163295044829166	0
3	0.100000	163295078158083	163295078230375	catransaction-completed	163295078153208	0
4	0.133333	163295111501083	163295111700416	catransaction-completed	163295111494708	0
5	0.166667	163295144850041	163295144986583	catransaction-completed	163295144842458	0
6	0.200000	163295178180000	163295178327000	catransaction-completed	163295178174208	0
7	0.233333	163295222265333	163295222357208	catransaction-completed	163295222255958	0
8	0.266667	163295244830666	163295244934416	catransaction-completed	163295244825666	0
9	0.300000	163295278164375	163295278260416	catransaction-completed	163295278159458	0
10	0.333333	163295311501875	163295311597083	catransaction-completed	163295311492291	0
11	0.366667	163295344876666	163295344948958	catransaction-completed	163295344872250	0
12	0.400000	163295378186250	163295378417291	catransaction-completed	163295378166333	0
13	0.433333	163295411573375	163295411934083	catransaction-completed	163295411554750	0
14	0.466667	163295437070333	163295437229708	catransaction-completed	163295437062666	0
15	0.500000	163295478164291	163295478468041	catransaction-completed	163295478155458	0
16	0.533333	163295511481583	163295511589833	catransaction-completed	163295511474416	0
17	0.566667	163295544818791	163295544965750	catransaction-completed	163295544811250	0
18	0.600000	163295578155875	163295578325666	catransaction-completed	163295578149333	0
19	0.633333	163295611500333	163295611681583	catransaction-completed	163295611491416	0
20	0.666667	163295644848791	163295645057500	catransaction-completed	163295644840375	0
21	0.700000	163295678170291	163295678352458	catransaction-completed	163295678159958	0
22	0.733333	163295711500208	163295711725708	catransaction-completed	163295711486250	0
23	0.766667	163295744865458	163295745040166	catransaction-completed	163295744850666	0
24	0.800000	163295778269208	163295778521583	catransaction-completed	163295778255083	0
25	0.833333	163295811503125	163295811756666	catransaction-completed	163295811490041	0
26	0.866667	163295844856041	163295845099208	catransaction-completed	163295844843666	0
27	0.900000	163295878192791	163295878469041	catransaction-completed	163295878180791	0
28	0.933333	163295911537458	163295911743000	catransaction-completed	163295911519166	0
29	0.966667	163295944831541	163295944978291	catransaction-completed	163295944824208	0
30	1.000000	163295978162041	163295978403291	catransaction-completed	163295978146000	0
31	1.033333	163296011527666	163296011814500	catransaction-completed	163296011508833	0
32	1.066667	163296044844708	163296045081208	catransaction-completed	163296044833166	0
33	1.100000	163296078194125	163296078436958	catransaction-completed	163296078183250	0
34	1.133333	163296111481833	163296111646625	catransaction-completed	163296111473250	0
35	1.166667	163296144811000	163296144918333	catransaction-completed	163296144806833	0
36	1.200000	163296178159750	163296178238750	catransaction-completed	163296178155375	0
37	1.233333	163296211497416	163296211563458	catransaction-completed	163296211494375	0
38	1.266667	163296244825458	163296244889000	catransaction-completed	163296244821708	0
39	1.300000	163296278153541	163296278305541	catransaction-completed	163296278151083	0
40	1.333333	163296311486333	163296311558166	catransaction-completed	163296311483958	0
41	1.366667	163296344826125	163296344940916	catransaction-completed	163296344816458	0
42	1.400000	163296378146541	163296378289875	catransaction-completed	163296378139083	0
43	1.433333	163296411476666	163296411588583	catransaction-completed	163296411468625	0
44	1.466667	163296444820333	163296444967750	catransaction-completed	163296444813500	0
45	1.500000	163296478175500	163296478382666	catransaction-completed	163296478165833	0
46	1.533333	163296511520375	163296511763625	catransaction-completed	163296511510083	0
47	1.566667	163296544811875	163296544927000	catransaction-completed	163296544804791	0
48	1.600000	163296578244333	163296578382750	catransaction-completed	163296578233250	0
49	1.633333	163296611490166	163296611775750	catransaction-completed	163296611480000	0
50	1.666667	163296644844125	163296645002958	catransaction-completed	163296644833458	0
51	1.700000	163296678157458	163296678288625	catransaction-completed	163296678152541	0
52	1.733333	163296711497625	163296711645958	catransaction-completed	163296711491583	0
53	1.766667	163296744827208	163296744985708	catransaction-completed	163296744819833	0
54	1.800000	163296778161208	163296778443916	catransaction-completed	163296778144791	0
55	1.833333	163296811517125	163296811781125	catransaction-completed	163296811505875	0
56	1.866667	163296844826000	163296845091375	catransaction-completed	163296844814666	0
57	1.900000	163296878155041	163296878236541	catransaction-completed	163296878149208	0
58	1.933333	163296911531375	163296911775916	catransaction-completed	163296911517500	0
59	1.966667	163296944819375	163296944956375	catransaction-completed	163296944814875	0
60	2.000000	163296978147333	163296978409875	catransaction-completed	163296978134916	0
61	2.033333	163297011483041	163297011706583	catransaction-completed	163297011470041	0
62	2.066667	163297044820250	163297045013125	catransaction-completed	163297044807250	0
63	2.100000	163297070549291	163297070739916	catransaction-completed	163297070538500	0
64	2.133333	163297111517291	163297111900666	catransaction-completed	163297111505416	0
65	2.166667	163297144843916	163297145090750	catransaction-completed	163297144828541	0
66	2.200000	163297178148666	163297178378166	catransaction-completed	163297178138833	0
67	2.233333	163297211506750	163297211720375	catransaction-completed	163297211492750	0
68	2.266667	163297244829125	163297245030250	catransaction-completed	163297244821750	0
69	2.300000	163297278169791	163297278539833	catransaction-completed	163297278160166	0
70	2.333333	163297311509333	163297311627666	catransaction-completed	163297311503958	0
71	2.366667	163297344805375	163297344892500	catransaction-completed	163297344801666	0
72	2.400000	163297378158875	163297378232708	catransaction-completed	163297378156458	0
73	2.433333	163297411482291	163297411566708	catransaction-completed	163297411478958	0
74	2.466667	163297444825625	163297444903291	catransaction-completed	163297444823041	0
75	2.500000	163297478139458	163297478203041	catransaction-completed	163297478136333	0
76	2.533333	163297511494000	163297511577375	catransaction-completed	163297511490291	0
77	2.566667	163297544837000	163297545012333	catransaction-completed	163297544826041	0
78	2.600000	163297578170125	163297578489375	catransaction-completed	163297578159125	0
79	2.633333	163297611507125	163297611785333	catransaction-completed	163297611495750	0
80	2.666667	163297644832541	163297645090583	catransaction-completed	163297644822666	0
81	2.700000	163297670958875	163297671259916	catransaction-completed	163297670943875	0
82	2.733333	163297711548375	163297711823500	catransaction-completed	163297711530166	0
83	2.766667	163297744836708	163297745086791	catransaction-completed	163297744824083	0
84	2.800000	163297770857875	163297771055791	catransaction-completed	163297770846166	0
85	2.833333	163297811484208	163297811637875	catransaction-completed	163297811477750	0
86	2.866667	163297844816333	163297844963875	catransaction-completed	163297844808541	0
87	2.900000	163297878142083	163297878259666	catransaction-completed	163297878134250	0
88	2.933333	163297911471416	163297911569041	catransaction-completed	163297911463875	0
89	2.966667	163297944871333	163297945089083	catransaction-completed	163297944864500	0
90	3.000000	163297978183958	163297978426791	catransaction-completed	163297978169083	0
91	3.033333	163298011495708	163298011633166	catransaction-completed	163298011488041	0
92	3.066667	163298044815500	163298044906333	catransaction-completed	163298044809083	0
93	3.100000	163298078138375	163298078211708	catransaction-completed	163298078133250	0
94	3.133333	163298111470541	163298111533750	catransaction-completed	163298111465916	0
95	3.166667	163298144802833	163298144887666	catransaction-completed	163298144795500	0
96	3.200000	163298178145250	163298178236916	catransaction-completed	163298178142458	0
97	3.233333	163298211466666	163298211562916	catransaction-completed	163298211463041	0
98	3.266667	163298244808791	163298244878666	catransaction-completed	163298244804041	0
99	3.300000	163298278131666	163298278188000	catransaction-completed	163298278128458	0
100	3.333333	163298311475041	163298311560000	catransaction-completed	163298311470583	0
101	3.366667	163298344812625	163298344901500	catransaction-completed	163298344809375	0
102	3.400000	163298378148083	163298378235250	catransaction-completed	163298378143750	0
103	3.433333	163298411482375	163298411558083	catransaction-completed	163298411477375	0
104	3.466667	163298444813041	163298444892458	catransaction-completed	163298444810250	0
105	3.500000	163298478143458	163298478233916	catransaction-completed	163298478140208	0
106	3.533333	163298511474000	163298511558875	catransaction-completed	163298511471333	0
107	3.566667	163298544799583	163298544859166	catransaction-completed	163298544797666	0
108	3.600000	163298578140166	163298578215708	catransaction-completed	163298578136458	0
109	3.633333	163298611469166	163298611538083	catransaction-completed	163298611466708	0
110	3.666667	163298644811666	163298644900458	catransaction-completed	163298644806541	0
111	3.700000	163298678158708	163298678307541	catransaction-completed	163298678146375	0
112	3.733333	163298711496958	163298711709375	catransaction-completed	163298711480333	0
113	3.766667	163298744804875	163298744947625	catransaction-completed	163298744797125	0
114	3.800000	163298778168416	163298778257000	catransaction-completed	163298778161875	0
115	3.833333	163298811473666	163298811654375	catransaction-completed	163298811460708	0
116	3.866667	163298844834416	163298845108750	catransaction-completed	163298844817750	0
117	3.900000	163298878143000	163298878226166	catransaction-completed	163298878138458	0
118	3.933333	163298911484541	163298911575250	catransaction-completed	163298911480583	0
119	3.966667	163298944804500	163298944872833	catransaction-completed	163298944801541	0
120	4.000000	163298978160958	163298978307041	catransaction-completed	163298978157333	0
121	4.033333	163299011478833	163299011558125	catransaction-completed	163299011474708	0
122	4.066667	163299044825083	163299044996625	catransaction-completed	163299044806916	0
123	4.100000	163299078151291	163299078264708	catransaction-completed	163299078143416	0
124	4.133333	163299111471875	163299111545041	catransaction-completed	163299111467250	0
125	4.166667	163299144812750	163299144928791	catransaction-completed	163299144806125	0
126	4.200000	163299178162250	163299178244875	catransaction-completed	163299178158083	0
127	4.233333	163299211503000	163299211642291	catransaction-completed	163299211493541	0
128	4.266667	163299244821250	163299244970583	catransaction-completed	163299244815000	0
129	4.300000	163299278168666	163299278321333	catransaction-completed	163299278154791	0
130	4.333333	163299311478125	163299311642291	catransaction-completed	163299311469208	0
131	4.366667	163299344835083	163299345075166	catransaction-completed	163299344818791	0
132	4.400000	163299378172666	163299378511333	catransaction-completed	163299378158041	0
133	4.433333	163299411487416	163299411788250	catransaction-completed	163299411476291	0
134	4.466667	163299444808958	163299444994833	catransaction-completed	163299444800333	0
135	4.500000	163299478132791	163299478340416	catransaction-completed	163299478127333	0
136	4.533333	163299511472875	163299511662125	catransaction-completed	163299511461125	0
137	4.566667	163299544810875	163299544981541	catransaction-completed	163299544801625	0
138	4.600000	163299578158083	163299578367458	catransaction-completed	163299578146000	0
139	4.633333	163299611479166	163299611661916	catransaction-completed	163299611470875	0
140	4.666667	163299644822333	163299645051250	catransaction-completed	163299644810833	0
141	4.700000	163299678158000	163299678400583	catransaction-completed	163299678141291	0
142	4.733333	163299711538916	163299711871416	catransaction-completed	163299711521333	0
143	4.766667	163299744829666	163299744913166	catransaction-completed	163299744820125	0
144	4.800000	163299778163208	163299778444833	catransaction-completed	163299778149375	0
145	4.833333	163299811485041	163299811656333	catransaction-completed	163299811479000	0
146	4.866667	163299844805416	163299844879125	catransaction-completed	163299844802125	0
147	4.900000	163299878134583	163299878203541	catransaction-completed	163299878131750	0
148	4.933333	163299911465625	163299911554833	catransaction-completed	163299911461416	0
149	4.966667	163299944806333	163299944919625	catransaction-completed	163299944801666	0
150	5.000000	163299978142750	163299978203958	catransaction-completed	163299978138041	0
151	5.033333	163300011460875	163300011534958	catransaction-completed	163300011457666	0
152	5.066667	163300044812333	163300044861708	catransaction-completed	163300044809583	0
153	5.100000	163300078140791	163300078240625	catransaction-completed	163300078135916	0
154	5.133333	163300111496125	163300111583833	catransaction-completed	163300111489958	0
155	5.166667	163300144825583	163300144993291	catransaction-completed	163300144814375	0
156	5.200000	163300178151208	163300178216166	catransaction-completed	163300178147833	0
157	5.233333	163300211486791	163300211582583	catransaction-completed	163300211482541	0
158	5.266667	163300244818291	163300244961708	catransaction-completed	163300244813083	0
159	5.300000	163300278157375	163300278261416	catransaction-completed	163300278153916	0
160	5.333333	163300311502916	163300311758000	catransaction-completed	163300311489958	0
161	5.366667	163300344865000	163300345158416	catransaction-completed	163300344848208	0
162	5.400000	163300378145375	163300378328958	catransaction-completed	163300378139333	0
163	5.433333	163300411474416	163300411554708	catransaction-completed	163300411469916	0
164	5.466667	163300444815208	163300444893041	catransaction-completed	163300444812416	0
165	5.500000	163300478159291	163300478211833	catransaction-completed	163300478156250	0
166	5.533333	163300511486000	163300511557666	catransaction-completed	163300511482750	0
167	5.566667	163300544809000	163300544874625	catransaction-completed	163300544806541	0
168	5.600000	163300578140916	163300578292041	catransaction-completed	163300578131250	0
169	5.633333	163300611484291	163300611552416	catransaction-completed	163300611479833	0
170	5.666667	163300644816791	163300645055541	catransaction-completed	163300644803041	0
171	5.700000	163300678153000	163300678413375	catransaction-completed	163300678138583	0
172	5.733333	163300711477333	163300711576791	catransaction-completed	163300711469541	0
173	5.766667	163300744829250	163300744957875	catransaction-completed	163300744824791	0
174	5.800000	163300778155041	163300778380000	catransaction-completed	163300778142458	0
175	5.833333	163300811471375	163300811746125	catransaction-completed	163300811463375	0
176	5.866667	163300844822750	163300845072458	catransaction-completed	163300844809375	0
177	5.900000	163300878155000	163300878417666	catransaction-completed	163300878142083	0
178	5.933333	163300911495333	163300911744416	catransaction-completed	163300911482166	0
179	5.966667	163300944698625	163300944933541	catransaction-completed	163300944688458	0
180	6.000000	163300978015750	163300978251041	catransaction-completed	163300978003541	0
181	6.033333	163301011388750	163301011655958	catransaction-completed	163301011370416	0
182	6.066667	163301044709250	163301045001416	catransaction-completed	163301044695833	0
183	6.100000	163301074019708	163301074335625	catransaction-completed	163301074003166	0
184	6.133333	163301107427708	163301107829333	catransaction-completed	163301107403916	0
185	6.166667	163301140628083	163301140864375	catransaction-completed	163301140620125	0
186	6.200000	163301173991500	163301174239625	catransaction-completed	163301173980875	0
187	6.233333	163301207341958	163301207641708	catransaction-completed	163301207327916	0
188	6.266667	163301240657541	163301240770375	catransaction-completed	163301240651166	0
189	6.300000	163301273999583	163301274259375	catransaction-completed	163301273979916	0
190	6.333333	163301307311416	163301307523833	catransaction-completed	163301307301250	0
191	6.366667	163301340649291	163301340882000	catransaction-completed	163301340639791	0
192	6.400000	163301373988333	163301374119541	catransaction-completed	163301373978000	0
193	6.433333	163301407330541	163301407535333	catransaction-completed	163301407317541	0
194	6.466667	163301440653500	163301440861583	catransaction-completed	163301440638166	0
195	6.500000	163301473955791	163301474083000	catransaction-completed	163301473945708	0
196	6.533333	163301507298958	163301507434000	catransaction-completed	163301507291541	0
197	6.566667	163301540650625	163301540830333	catransaction-completed	163301540641500	0
198	6.600000	163301573962250	163301574088875	catransaction-completed	163301573956250	0
199	6.633333	163301607290791	163301607417666	catransaction-completed	163301607285458	0
200	6.666667	163301640660541	163301640875666	catransaction-completed	163301640648750	0
201	6.700000	163301673967333	163301674119041	catransaction-completed	163301673961333	0
202	6.733333	163301707317541	163301707480041	catransaction-completed	163301707299208	0
203	6.766667	163301740653833	163301740820708	catransaction-completed	163301740647666	0
204	6.800000	163301773975000	163301774276250	catransaction-completed	163301773957208	0
205	6.833333	163301807299958	163301807527458	catransaction-completed	163301807287250	0
206	6.866667	163301840688875	163301840870125	catransaction-completed	163301840677833	0
207	6.900000	163301874004000	163301874257041	catransaction-completed	163301873982125	0
208	6.933333	163301907308041	163301907591625	catransaction-completed	163301907298583	0
209	6.966667	163301940666875	163301940910625	catransaction-completed	163301940654125	0
210	7.000000	163301973963541	163301974147000	catransaction-completed	163301973955750	0
211	7.033333	163302007319458	163302007518875	catransaction-completed	163302007309708	0
212	7.066667	163302040644458	163302040838666	catransaction-completed	163302040632500	0
213	7.100000	163302074064791	163302074256208	catransaction-completed	163302073991166	0
214	7.133333	163302107296958	163302107491916	catransaction-completed	163302107285458	0
215	7.166667	163302140694541	163302141044416	catransaction-completed	163302140677458	0
216	7.200000	163302173962583	163302174204875	catransaction-completed	163302173949166	0
217	7.233333	163302207304000	163302207484583	catransaction-completed	163302207297208	0
218	7.266667	163302240629333	163302240763541	catransaction-completed	163302240624916	0
219	7.300000	163302273986166	163302274041458	catransaction-completed	163302273982458	0
220	7.333333	163302307308166	163302307478166	catransaction-completed	163302307292458	0
221	7.366667	163302340627791	163302340847958	catransaction-completed	163302340620083	0
222	7.400000	163302373984583	163302374210875	catransaction-completed	163302373972375	0
223	7.433333	163302407376541	163302407657125	catransaction-completed	163302407362458	0
224	7.466667	163302440636208	163302440858791	catransaction-completed	163302440624041	0
225	7.500000	163302473990208	163302474238500	catransaction-completed	163302473973958	0
226	7.533333	163302507304083	163302507525625	catransaction-completed	163302507290833	0
227	7.566667	163302540693500	163302541022708	catransaction-completed	163302540672583	0
228	7.600000	163302574029708	163302574295666	catransaction-completed	163302574013333	0
229	7.633333	163302607324833	163302607570541	catransaction-completed	163302607313583	0
230	7.666667	163302640627958	163302640824166	catransaction-completed	163302640616250	0
231	7.700000	163302673964125	163302674155458	catransaction-completed	163302673955291	0
232	7.733333	163302707311500	163302707498708	catransaction-completed	163302707302583	0
233	7.766667	163302740654041	163302740847041	catransaction-completed	163302740649041	0
234	7.800000	163302773981875	163302774082458	catransaction-completed	163302773978583	0
235	7.833333	163302807318458	163302807460458	catransaction-completed	163302807312750	0
236	7.866667	163302840650291	163302840922958	catransaction-completed	163302840634791	0
237	7.900000	163302873954375	163302874102875	catransaction-completed	163302873945458	0
238	7.933333	163302907284416	163302907368583	catransaction-completed	163302907277750	0
239	7.966667	163302940618125	163302940739375	catransaction-completed	163302940611375	0
240	8.000000	163302973947666	163302974042041	catransaction-completed	163302973941875	0
241	8.033333	163303007279250	163303007381166	catransaction-completed	163303007273583	0
242	8.066667	163303040625750	163303040748833	catransaction-completed	163303040617500	0
243	8.100000	163303073963291	163303074105750	catransaction-completed	163303073949625	0
244	8.133333	163303107297541	163303107424500	catransaction-completed	163303107289750	0
245	8.166667	163303140633708	163303140809666	catransaction-completed	163303140628125	0
246	8.200000	163303173972208	163303174037333	catransaction-completed	163303173968875	0
247	8.233333	163303207312125	163303207435333	catransaction-completed	163303207307791	0
248	8.266667	163303240627041	163303240726125	catransaction-completed	163303240621416	0
249	8.300000	163303273945791	163303274011375	catransaction-completed	163303273942000	0
250	8.333333	163303307297083	163303307385333	catransaction-completed	163303307294000	0
251	8.366667	163303340626166	163303340729458	catransaction-completed	163303340621916	0
252	8.400000	163303373964291	163303374127541	catransaction-completed	163303373949083	0
253	8.433333	163303407322708	163303407760041	catransaction-completed	163303407310666	0
254	8.466667	163303440621166	163303440745916	catransaction-completed	163303440615500	0
255	8.500000	163303473970875	163303474105125	catransaction-completed	163303473965291	0
256	8.533333	163303507312458	163303507446250	catransaction-completed	163303507308458	0
257	8.566667	163303540637916	163303540743791	catransaction-completed	163303540635083	0
258	8.600000	163303573972291	163303574037916	catransaction-completed	163303573970291	0
259	8.633333	163303607296083	163303607388208	catransaction-completed	163303607291625	0
260	8.666667	163303640634291	163303640769125	catransaction-completed	163303640629958	0
261	8.700000	163303673971625	163303674097125	catransaction-completed	163303673964750	0
262	8.733333	163303707292125	163303707361125	catransaction-completed	163303707289625	0
263	8.766667	163303740626416	163303740693500	catransaction-completed	163303740623541	0
264	8.800000	163303773955541	163303774066458	catransaction-completed	163303773952625	0
265	8.833333	163303807307250	163303807506166	catransaction-completed	163303807296791	0
266	8.866667	163303840676291	163303841050166	catransaction-completed	163303840660291	0
267	8.900000	163303874004375	163303874291625	catransaction-completed	163303873992041	0
268	8.933333	163303907283541	163303907375166	catransaction-completed	163303907275916	0
269	8.966667	163303940617500	163303940711583	catransaction-completed	163303940613541	0
270	9.000000	163303973945375	163303974048208	catransaction-completed	163303973942000	0
271	9.033333	163304007283708	163304007392958	catransaction-completed	163304007280625	0
272	9.066667	163304040630500	163304040706583	catransaction-completed	163304040627333	0
273	9.100000	163304073960375	163304074051458	catransaction-completed	163304073957750	0
274	9.133333	163304107303416	163304107477958	catransaction-completed	163304107286833	0
275	9.166667	163304140638708	163304140910208	catransaction-completed	163304140625666	0
276	9.200000	163304173978958	163304174243000	catransaction-completed	163304173965916	0
277	9.233333	163304207317708	163304207663208	catransaction-completed	163304207302541	0
278	9.266667	163304240647375	163304240775833	catransaction-completed	163304240638833	0
279	9.300000	163304273965000	163304274211625	catransaction-completed	163304273951208	0
280	9.333333	163304307288291	163304307513958	catransaction-completed	163304307276833	0
281	9.366667	163304340643625	163304340872666	catransaction-completed	163304340632500	0
282	9.400000	163304373960583	163304374141041	catransaction-completed	163304373952208	0
283	9.433333	163304407299375	163304407470125	catransaction-completed	163304407288041	0
284	9.466667	163304440631583	163304440819750	catransaction-completed	163304440623208	0
285	9.500000	163304473976458	163304474154000	catransaction-completed	163304473964458	0
286	9.533333	163304507285916	163304507421500	catransaction-completed	163304507277291	0
287	9.566667	163304540634583	163304540726458	catransaction-completed	163304540628666	0
288	9.600000	163304573959000	163304574047791	catransaction-completed	163304573951958	0
289	9.633333	163304607308750	163304607447166	catransaction-completed	163304607304000	0
290	9.666667	163304640613791	163304640677708	catransaction-completed	163304640610166	0
291	9.700000	163304673978041	163304674069083	catransaction-completed	163304673968375	0
292	9.733333	163304707301750	163304707400458	catransaction-completed	163304707297125	0
293	9.766667	163304740646625	163304740711166	catransaction-completed	163304740644208	0
294	9.800000	163304773959333	163304774156916	catransaction-completed	163304773942958	0
295	9.833333	163304807283708	163304807498791	catransaction-completed	163304807271250	0
296	9.866667	163304840638750	163304840903833	catransaction-completed	163304840622500	0
297	9.900000	163304873969166	163304874174750	catransaction-completed	163304873958875	0
298	9.933333	163304907288958	163304907352041	catransaction-completed	163304907283333	0
299	9.966667	163304940621291	163304940756500	catransaction-completed	163304940614875	0
300	10.000000	163304973953250	163304974017083	catransaction-completed	163304973949083	0
301	10.033333	163305007303791	163305007401458	catransaction-completed	163305007298375	0
302	10.066667	163305040623750	163305040693291	catransaction-completed	163305040620625	0
303	10.100000	163305073964250	163305074043708	catransaction-completed	163305073961958	0
304	10.133333	163305107281125	163305107340416	catransaction-completed	163305107277166	0
305	10.166667	163305140621416	163305140765250	catransaction-completed	163305140616000	0
306	10.200000	163305173945791	163305174061333	catransaction-completed	163305173935958	0
307	10.233333	163305207303583	163305207534666	catransaction-completed	163305207294333	0
308	10.266667	163305240623750	163305240760333	catransaction-completed	163305240616083	0
309	10.300000	163305273980208	163305274219500	catransaction-completed	163305273970458	0
310	10.333333	163305307294666	163305307457541	catransaction-completed	163305307286875	0
311	10.366667	163305340662166	163305340914583	catransaction-completed	163305340643083	0
312	10.400000	163305373977375	163305374215208	catransaction-completed	163305373964166	0
313	10.433333	163305407300166	163305407384916	catransaction-completed	163305407293375	0
314	10.466667	163305440627041	163305440846750	catransaction-completed	163305440610041	0
315	10.500000	163305473985541	163305474243250	catransaction-completed	163305473969916	0
316	10.533333	163305507297708	163305507568250	catransaction-completed	163305507287500	0
317	10.566667	163305540634833	163305540882375	catransaction-completed	163305540621375	0
318	10.600000	163305573950500	163305574097708	catransaction-completed	163305573941708	0
319	10.633333	163305607307625	163305607544791	catransaction-completed	163305607296416	0
320	10.666667	163305640637500	163305640868583	catransaction-completed	163305640628416	0
321	10.700000	163305673965708	163305674219458	catransaction-completed	163305673954166	0
322	10.733333	163305707318041	163305707704458	catransaction-completed	163305707302583	0
323	10.766667	163305740630583	163305740839041	catransaction-completed	163305740619750	0
324	10.800000	163305773965916	163305774107750	catransaction-completed	163305773959083	0
325	10.833333	163305807278916	163305807373458	catransaction-completed	163305807273291	0
326	10.866667	163305840611291	163305840710416	catransaction-completed	163305840605500	0
327	10.900000	163305873945000	163305874010458	catransaction-completed	163305873940458	0
328	10.933333	163305907278416	163305907370416	catransaction-completed	163305907273708	0
329	10.966667	163305940609333	163305940696833	catransaction-completed	163305940605625	0
330	11.000000	163305973944041	163305974047500	catransaction-completed	163305973941000	0
331	11.033333	163306007303666	163306007408125	catransaction-completed	163306007295791	0
332	11.066667	163306040628041	163306040674000	catransaction-completed	163306040625333	0
333	11.100000	163306073950000	163306074102708	catransaction-completed	163306073938333	0
334	11.133333	163306107303916	163306107487708	catransaction-completed	163306107293500	0
335	11.166667	163306140620458	163306140872708	catransaction-completed	163306140609041	0
336	11.200000	163306173964166	163306174194791	catransaction-completed	163306173950166	0
337	11.233333	163306207285916	163306207478958	catransaction-completed	163306207277000	0
338	11.266667	163306240622541	163306240771500	catransaction-completed	163306240615125	0
339	11.300000	163306273959833	163306274056541	catransaction-completed	163306273956583	0
340	11.333333	163306307297208	163306307520625	catransaction-completed	163306307282791	0
341	11.366667	163306340634666	163306340920125	catransaction-completed	163306340621916	0
342	11.400000	163306373976500	163306374200625	catransaction-completed	163306373964916	0
343	11.433333	163306407309958	163306407540666	catransaction-completed	163306407297208	0
344	11.466667	163306440641041	163306440904666	catransaction-completed	163306440627708	0
345	11.500000	163306473970250	163306474139083	catransaction-completed	163306473963833	0
346	11.533333	163306507311625	163306507557750	catransaction-completed	163306507293583	0
347	11.566667	163306540621583	163306540752541	catransaction-completed	163306540616000	0
348	11.600000	163306573953875	163306574022750	catransaction-completed	163306573949500	0
349	11.633333	163306607285458	163306607376333	catransaction-completed	163306607283041	0
350	11.666667	163306640623791	163306640712791	catransaction-completed	163306640621125	0
351	11.700000	163306673972333	163306674057750	catransaction-completed	163306673962291	0
352	11.733333	163306707292666	163306707363333	catransaction-completed	163306707290333	0
353	11.766667	163306740616666	163306740779875	catransaction-completed	163306740606833	0
354	11.800000	163306773964208	163306774237875	catransaction-completed	163306773955166	0
355	11.833333	163306807310500	163306807605083	catransaction-completed	163306807297291	0
356	11.866667	163306840641208	163306840900666	catransaction-completed	163306840628041	0
357	11.900000	163306873974375	163306874179458	catransaction-completed	163306873963583	0
358	11.933333	163306907426250	163306907760666	catransaction-completed	163306907411250	0
359	11.966667	163306940642750	163306941183083	catransaction-completed	163306940633041	0
360	12.000000	163306973968625	163306974173000	catransaction-completed	163306973959375	0
361	12.033333	163307007295583	163307007585625	catransaction-completed	163307007287166	0
362	12.066667	163307040613833	163307040815625	catransaction-completed	163307040603958	0
363	12.100000	163307074003291	163307074231000	catransaction-completed	163307073992500	0
364	12.133333	163307107286083	163307107450250	catransaction-completed	163307107272708	0
365	12.166667	163307140626291	163307140863333	catransaction-completed	163307140610250	0
366	12.200000	163307173972833	163307174204375	catransaction-completed	163307173962083	0
367	12.233333	163307207319208	163307207561375	catransaction-completed	163307207305958	0
368	12.266667	163307240628250	163307240847625	catransaction-completed	163307240614208	0
369	12.300000	163307273963791	163307274175833	catransaction-completed	163307273949083	0
370	12.333333	163307307271791	163307307584750	catransaction-completed	163307307263666	0
371	12.366667	163307340632666	163307340891000	catransaction-completed	163307340618875	0
372	12.400000	163307373966375	163307374191958	catransaction-completed	163307373956000	0
373	12.433333	163307407287958	163307407620416	catransaction-completed	163307407280750	0
374	12.466667	163307440625500	163307440845708	catransaction-completed	163307440608833	0
375	12.500000	163307473975708	163307474219708	catransaction-completed	163307473963125	0
376	12.533333	163307507299000	163307507566666	catransaction-completed	163307507287916	0
377	12.566667	163307540631000	163307540902875	catransaction-completed	163307540619500	0
378	12.600000	163307573972375	163307574200333	catransaction-completed	163307573961500	0
379	12.633333	163307607291833	163307607567791	catransaction-completed	163307607281000	0
380	12.666667	163307640640625	163307640889791	catransaction-completed	163307640627166	0
381	12.700000	163307673978458	163307674244416	catransaction-completed	163307673966416	0
382	12.733333	163307707296791	163307707579166	catransaction-completed	163307707285083	0
383	12.766667	163307740620166	163307740844375	catransaction-completed	163307740610958	0
384	12.800000	163307773973208	163307774422541	catransaction-completed	163307773960541	0
385	12.833333	163307807260916	163307807465791	catransaction-completed	163307807253166	0
386	12.866667	163307840631125	163307840906833	catransaction-completed	163307840618750	0
387	12.900000	163307873958083	163307874272750	catransaction-completed	163307873945416	0
388	12.933333	163307907284833	163307907496375	catransaction-completed	163307907275333	0
389	12.966667	163307940658791	163307940803000	catransaction-completed	163307940651916	0
390	13.000000	163307973940333	163307974072541	catransaction-completed	163307973935250	0
391	13.033333	163308007284208	163308007528500	catransaction-completed	163308007276083	0
392	13.066667	163308040627708	163308040848958	catransaction-completed	163308040617833	0
393	13.100000	163308073947625	163308074109000	catransaction-completed	163308073937750	0
394	13.133333	163308107293500	163308107766208	catransaction-completed	163308107285208	0
395	13.166667	163308140641833	163308140929208	catransaction-completed	163308140629541	0
396	13.200000	163308173942833	163308174054750	catransaction-completed	163308173938583	0
397	13.233333	163308207279000	163308207352916	catransaction-completed	163308207274375	0
398	13.266667	163308240621500	163308240719791	catransaction-completed	163308240616125	0
399	13.300000	163308273935125	163308274025583	catransaction-completed	163308273933208	0
400	13.333333	163308307286791	163308307347208	catransaction-completed	163308307284500	0
401	13.366667	163308340608416	163308340722041	catransaction-completed	163308340604750	0
402	13.400000	163308373949125	163308374081250	catransaction-completed	163308373935583	0
403	13.433333	163308407435541	163308407791208	catransaction-completed	163308407425833	0
404	13.466667	163308440695625	163308441151666	catransaction-completed	163308440656708	0
405	13.500000	163308473996583	163308474449375	catransaction-completed	163308473982875	0
406	13.533333	163308507298083	163308507587166	catransaction-completed	163308507284291	0
407	13.566667	163308540616458	163308540803416	catransaction-completed	163308540604625	0
408	13.600000	163308573973083	163308574212333	catransaction-completed	163308573961416	0
409	13.633333	163308607302416	163308607477958	catransaction-completed	163308607292291	0
410	13.666667	163308640605375	163308640778416	catransaction-completed	163308640594625	0
411	13.700000	163308673957458	163308674104458	catransaction-completed	163308673949208	0
412	13.733333	163308707291541	163308707407958	catransaction-completed	163308707287208	0
413	13.766667	163308740613375	163308740852083	catransaction-completed	163308740596375	0
414	13.800000	163308773959833	163308774318041	catransaction-completed	163308773950125	0
415	13.833333	163308807302958	163308807572541	catransaction-completed	163308807291708	0
416	13.866667	163308840651416	163308840913541	catransaction-completed	163308840639791	0
417	13.900000	163308873956541	163308874196208	catransaction-completed	163308873939416	0
418	13.933333	163308907277791	163308907415375	catransaction-completed	163308907268333	0
419	13.966667	163308941121458	163308941599750	catransaction-completed	163308941097958	0
420	14.000000	163308973941166	163308974025166	catransaction-completed	163308973934833	0
421	14.033333	163309007274500	163309007359833	catransaction-completed	163309007270833	0
422	14.066667	163309040617458	163309040704000	catransaction-completed	163309040611458	0
423	14.100000	163309073957708	163309074034750	catransaction-completed	163309073946541	0
424	14.133333	163309107267375	163309107329041	catransaction-completed	163309107263833	0
425	14.166667	163309140620166	163309140683458	catransaction-completed	163309140616166	0
426	14.200000	163309173925083	163309174045833	catransaction-completed	163309173917500	0
427	14.233333	163309207262958	163309207361666	catransaction-completed	163309207256416	0
428	14.266667	163309240601208	163309240698791	catransaction-completed	163309240594791	0
429	14.300000	163309273930916	163309274056333	catransaction-completed	163309273925291	0
430	14.333333	163309307284250	163309307484958	catransaction-completed	163309307272416	0
431	14.366667	163309340599958	163309340778541	catransaction-completed	163309340590041	0
432	14.400000	163309373941375	163309374014708	catransaction-completed	163309373935083	0
433	14.433333	163309407334000	163309407701250	catransaction-completed	163309407319541	0
434	14.466667	163309440636833	163309440974416	catransaction-completed	163309440625958	0
435	14.500000	163309473943583	163309474151833	catransaction-completed	163309473930708	0
436	14.533333	163309507274250	163309507437583	catransaction-completed	163309507263166	0
437	14.566667	163309540587416	163309540687208	catransaction-completed	163309540582291	0
438	14.600000	163309573932458	163309574035750	catransaction-completed	163309573925458	0
439	14.633333	163309607272083	163309607359750	catransaction-completed	163309607268041	0
440	14.666667	163309640604375	163309640697958	catransaction-completed	163309640601166	0
441	14.700000	163309673951916	163309673995708	catransaction-completed	163309673949500	0
442	14.733333	163309707282041	163309707343083	catransaction-completed	163309707279458	0
443	14.766667	163309740612833	163309740705416	catransaction-completed	163309740609541	0
444	14.800000	163309773947666	163309774035291	catransaction-completed	163309773945166	0
445	14.833333	163309807276708	163309807637708	catransaction-completed	163309807260916	0
446	14.866667	163309840641416	163309840915500	catransaction-completed	163309840626250	0
447	14.900000	163309873967166	163309874213791	catransaction-completed	163309873955291	0
448	14.933333	163309907303875	163309907657000	catransaction-completed	163309907290958	0
449	14.966667	163309940616583	163309940818250	catransaction-completed	163309940604958	0
450	15.000000	163309973950750	163309974125375	catransaction-completed	163309973939250	0
451	15.033333	163310007285541	163310007482208	catransaction-completed	163310007274416	0
452	15.066667	163310040614083	163310040853583	catransaction-completed	163310040604125	0
453	15.100000	163310073936375	163310074077666	catransaction-completed	163310073925041	0
454	15.133333	163310107273750	163310107397583	catransaction-completed	163310107266875	0
455	15.166667	163310140596791	163310140822000	catransaction-completed	163310140587541	0
456	15.200000	163310173965083	163310174223125	catransaction-completed	163310173953083	0
457	15.233333	163310207296875	163310207572416	catransaction-completed	163310207284208	0
458	15.266667	163310240608541	163310240806791	catransaction-completed	163310240597541	0
459	15.300000	163310273952916	163310274114958	catransaction-completed	163310273946583	0
460	15.333333	163310307274666	163310307471458	catransaction-completed	163310307259125	0
461	15.366667	163310340604583	163310340703791	catransaction-completed	163310340599083	0
462	15.400000	163310373942458	163310374169583	catransaction-completed	163310373923750	0
463	15.433333	163310407254333	163310407642833	catransaction-completed	163310407247500	0
464	15.466667	163310440614541	163310440864875	catransaction-completed	163310440603083	0
465	15.500000	163310473954958	163310474193125	catransaction-completed	163310473944458	0
466	15.533333	163310507281125	163310507506125	catransaction-completed	163310507268916	0
467	15.566667	163310540627250	163310540872791	catransaction-completed	163310540616750	0
468	15.600000	163310573954791	163310574263791	catransaction-completed	163310573939500	0
469	15.633333	163310607296458	163310607657375	catransaction-completed	163310607284791	0
470	15.666667	163310640594750	163310640794791	catransaction-completed	163310640586083	0
471	15.700000	163310673893083	163310674158458	catransaction-completed	163310673875458	0
472	15.733333	163310707191583	163310707463875	catransaction-completed	163310707175250	0
473	15.766667	163310740527125	163310740751500	catransaction-completed	163310740512958	0
474	15.800000	163310773875875	163310774072916	catransaction-completed	163310773860458	0
475	15.833333	163310811451791	163310811527458	catransaction-completed	163310811446458	0
476	15.866667	163310844781333	163310844866541	catransaction-completed	163310844770666	0
477	15.900000	163310878117000	163310878439416	catransaction-completed	163310878101875	0
478	15.933333	163310904171166	163310904371416	catransaction-completed	163310904152875	0
479	15.966667	163310944781500	163310945030583	catransaction-completed	163310944759833	0
480	16.000000	163310978105333	163310978343833	catransaction-completed	163310978096958	0
481	16.033333	163311003912166	163311004161333	catransaction-completed	163311003898958	0
482	16.066667	163311044792791	163311045043500	catransaction-completed	163311044781041	0
483	16.100000	163311078126333	163311078378958	catransaction-completed	163311078111333	0
484	16.133333	163311111425750	163311111539666	catransaction-completed	163311111415833	0
485	16.166667	163311144764083	163311145036375	catransaction-completed	163311144754583	0
486	16.200000	163311178106000	163311178277666	catransaction-completed	163311178094541	0
487	16.233333	163311211432958	163311211613541	catransaction-completed	163311211423666	0
488	16.266667	163311244784166	163311244960375	catransaction-completed	163311244773583	0
489	16.300000	163311278098625	163311278158625	catransaction-completed	163311278094458	0
490	16.333333	163311311459125	163311311624250	catransaction-completed	163311311449416	0
491	16.366667	163311344779708	163311344924875	catransaction-completed	163311344772583	0
492	16.400000	163311378116916	163311378194958	catransaction-completed	163311378113041	0
493	16.433333	163311411437291	163311411538666	catransaction-completed	163311411429458	0
494	16.466667	163311444755541	163311444829875	catransaction-completed	163311444750916	0
495	16.500000	163311478098458	163311478177166	catransaction-completed	163311478094791	0
496	16.533333	163311511436000	163311511519208	catransaction-completed	163311511433125	0
497	16.566667	163311544762291	163311544848208	catransaction-completed	163311544760666	0
498	16.600000	163311578094166	163311578166583	catransaction-completed	163311578091791	0
499	16.633333	163311611431083	163311611526250	catransaction-completed	163311611427916	0
500	16.666667	163311644774708	163311644861916	catransaction-completed	163311644771666	0
501	16.700000	163311678090333	163311678152250	catransaction-completed	163311678087500	0
502	16.733333	163311711467708	163311711632416	catransaction-completed	163311711450416	0
503	16.766667	163311744762833	163311744943875	catransaction-completed	163311744754166	0
504	16.800000	163311778096583	163311778264583	catransaction-completed	163311778084500	0
505	16.833333	163311811432333	163311811623291	catransaction-completed	163311811425916	0
506	16.866667	163311844772125	163311844976208	catransaction-completed	163311844754416	0
507	16.900000	163311878088833	163311878311375	catransaction-completed	163311878077166	0
508	16.933333	163311911444708	163311911638250	catransaction-completed	163311911427333	0
509	16.966667	163311944757583	163311944927041	catransaction-completed	163311944747250	0
510	17.000000	163311978095083	163311978359833	catransaction-completed	163311978080375	0
511	17.033333	163312011438833	163312011669666	catransaction-completed	163312011425875	0
512	17.066667	163312044758958	163312044982083	catransaction-completed	163312044745958	0
513	17.100000	163312078094208	163312078298041	catransaction-completed	163312078081916	0
514	17.133333	163312111437875	163312111692791	catransaction-completed	163312111425500	0
515	17.166667	163312144759625	163312144984625	catransaction-completed	163312144747625	0
516	17.200000	163312178116041	163312178408000	catransaction-completed	163312178091833	0
517	17.233333	163312211451791	163312211649708	catransaction-completed	163312211441833	0
518	17.266667	163312244784708	163312244915750	catransaction-completed	163312244775166	0
519	17.300000	163312278097500	163312278168083	catransaction-completed	163312278093041	0
520	17.333333	163312311441708	163312311531166	catransaction-completed	163312311438333	0
521	17.366667	163312344760666	163312344947625	catransaction-completed	163312344748875	0
522	17.400000	163312378094083	163312378300875	catransaction-completed	163312378078250	0
523	17.433333	163312411435333	163312411618625	catransaction-completed	163312411420416	0
524	17.466667	163312444756000	163312445376583	catransaction-completed	163312444744791	0
525	17.500000	163312478075875	163312478178458	catransaction-completed	163312478069458	0
526	17.533333	163312511426708	163312511612541	catransaction-completed	163312511415958	0
527	17.566667	163312544762125	163312544945041	catransaction-completed	163312544750750	0
528	17.600000	163312578083583	163312578210791	catransaction-completed	163312578077041	0
529	17.633333	163312611465500	163312611717291	catransaction-completed	163312611449958	0
530	17.666667	163312644765250	163312645023250	catransaction-completed	163312644744083	0
531	17.700000	163312678104416	163312678254791	catransaction-completed	163312678096416	0
532	17.733333	163312711435791	163312711525541	catransaction-completed	163312711428375	0
533	17.766667	163312744770875	163312744845916	catransaction-completed	163312744767291	0
534	17.800000	163312778093875	163312778179500	catransaction-completed	163312778090958	0
535	17.833333	163312811427041	163312811491458	catransaction-completed	163312811423458	0
536	17.866667	163312844771791	163312844834041	catransaction-completed	163312844768375	0
537	17.900000	163312878108791	163312878370583	catransaction-completed	163312878096541	0
538	17.933333	163312911421333	163312911607333	catransaction-completed	163312911409500	0
539	17.966667	163312944820458	163312945101458	catransaction-completed	163312944808041	0
540	18.000000	163312978087333	163312978320541	catransaction-completed	163312978072458	0
541	18.033333	163313011422625	163313011653791	catransaction-completed	163313011411625	0
542	18.066667	163313044775583	163313045022625	catransaction-completed	163313044763041	0
543	18.100000	163313078121958	163313078412791	catransaction-completed	163313078109208	0
544	18.133333	163313111417458	163313111519500	catransaction-completed	163313111410208	0
545	18.166667	163313144750041	163313144895750	catransaction-completed	163313144743833	0
546	18.200000	163313178120250	163313178306958	catransaction-completed	163313178111333	0
547	18.233333	163313211421708	163313211554583	catransaction-completed	163313211414000	0
548	18.266667	163313244773625	163313244926208	catransaction-completed	163313244764625	0
549	18.300000	163313278093916	163313278291916	catransaction-completed	163313278087750	0
550	18.333333	163313311428708	163313311523875	catransaction-completed	163313311425166	0
551	18.366667	163313344772541	163313344876208	catransaction-completed	163313344769291	0
552	18.400000	163313378100000	163313378200875	catransaction-completed	163313378096666	0
553	18.433333	163313411433541	163313411536208	catransaction-completed	163313411429000	0
554	18.466667	163313444776500	163313444895958	catransaction-completed	163313444771166	0
555	18.500000	163313478093916	163313478171791	catransaction-completed	163313478090583	0
556	18.533333	163313511420708	163313511540625	catransaction-completed	163313511416541	0
557	18.566667	163313544768208	163313544901458	catransaction-completed	163313544763416	0
558	18.600000	163313578092000	163313578213250	catransaction-completed	163313578086333	0
559	18.633333	163313611446750	163313611571500	catransaction-completed	163313611441875	0
560	18.666667	163313644769708	163313644899916	catransaction-completed	163313644765125	0
561	18.700000	163313678106458	163313678181958	catransaction-completed	163313678103416	0
562	18.733333	163313711451000	163313711711375	catransaction-completed	163313711435958	0
563	18.766667	163313744771291	163313745004625	catransaction-completed	163313744756791	0
564	18.800000	163313778121958	163313778323958	catransaction-completed	163313778109250	0
565	18.833333	163313811422208	163313811622500	catransaction-completed	163313811410333	0
566	18.866667	163313844778666	163313845038375	catransaction-completed	163313844764625	0
567	18.900000	163313878112208	163313878316333	catransaction-completed	163313878100708	0
568	18.933333	163313911441208	163313911687416	catransaction-completed	163313911429041	0
569	18.966667	163313944852583	163313945129375	catransaction-completed	163313944834208	0
570	19.000000	163313978091541	163313978353000	catransaction-completed	163313978080583	0
571	19.033333	163314011422625	163314011625208	catransaction-completed	163314011406208	0
572	19.066667	163314044750541	163314044840791	catransaction-completed	163314044746250	0
573	19.100000	163314078093375	163314078197250	catransaction-completed	163314078088500	0
574	19.133333	163314111425541	163314111493916	catransaction-completed	163314111417875	0
575	19.166667	163314144764791	163314144863791	catransaction-completed	163314144761416	0
576	19.200000	163314178104125	163314178170875	catransaction-completed	163314178099875	0
577	19.233333	163314211419083	163314211520666	catransaction-completed	163314211414500	0
578	19.266667	163314244757333	163314244912333	catransaction-completed	163314244751458	0
579	19.300000	163314278089208	163314278216500	catransaction-completed	163314278082208	0
580	19.333333	163314311420625	163314311611750	catransaction-completed	163314311406625	0
581	19.366667	163314344772416	163314345006958	catransaction-completed	163314344761000	0
582	19.400000	163314378078583	163314378301083	catransaction-completed	163314378070791	0
583	19.433333	163314411461666	163314411644791	catransaction-completed	163314411451041	0
584	19.466667	163314437616791	163314437815083	catransaction-completed	163314437605333	0
585	19.500000	163314478108250	163314478360166	catransaction-completed	163314478090708	0
586	19.533333	163314511496708	163314511765250	catransaction-completed	163314511478833	0
587	19.566667	163314544753250	163314545013500	catransaction-completed	163314544741375	0
588	19.600000	163314578112125	163314578375708	catransaction-completed	163314578093291	0
589	19.633333	163314611432458	163314611660083	catransaction-completed	163314611421875	0
590	19.666667	163314644737375	163314644963833	catransaction-completed	163314644731583	0
591	19.700000	163314678118208	163314678311333	catransaction-completed	163314678102041	0
592	19.733333	163314711433375	163314711666250	catransaction-completed	163314711421083	0
593	19.766667	163314744751833	163314744937875	catransaction-completed	163314744744208	0
594	19.800000	163314778090625	163314778406041	catransaction-completed	163314778078208	0
595	19.833333	163314811428541	163314811679625	catransaction-completed	163314811416750	0
596	19.866667	163314844788750	163314845048708	catransaction-completed	163314844774458	0
597	19.900000	163314878121500	163314878362750	catransaction-completed	163314878111333	0
598	19.933333	163314911419583	163314911512375	catransaction-completed	163314911407041	0
599	19.966667	163314944739250	163314944882750	catransaction-completed	163314944729583	0
600	20.000000	163314978101750	163314978362125	catransaction-completed	163314978091500	0
601	20.033333	163315011421125	163315011563375	catransaction-completed	163315011413916	0
602	20.066667	163315044776708	163315044986208	catransaction-completed	163315044762833	0
603	20.100000	163315078102125	163315078289791	catransaction-completed	163315078085875	0
604	20.133333	163315111430458	163315111575375	catransaction-completed	163315111422958	0
605	20.166667	163315144741166	163315144857041	catransaction-completed	163315144734291	0
606	20.200000	163315178069166	163315178173208	catransaction-completed	163315178062291	0
607	20.233333	163315211412875	163315211522458	catransaction-completed	163315211402666	0
608	20.266667	163315244740916	163315244910208	catransaction-completed	163315244728000	0
609	20.300000	163315278074250	163315278211166	catransaction-completed	163315278065916	0
610	20.333333	163315311402000	163315311585583	catransaction-completed	163315311396708	0
611	20.366667	163315344832333	163315345006125	catransaction-completed	163315344820416	0
612	20.400000	163315378106708	163315378383833	catransaction-completed	163315378095000	0
613	20.433333	163315411460375	163315411694208	catransaction-completed	163315411442875	0
614	20.466667	163315444790541	163315445025125	catransaction-completed	163315444773666	0
615	20.500000	163315478091250	163315478308458	catransaction-completed	163315478076125	0
616	20.533333	163315511414041	163315511642500	catransaction-completed	163315511401625	0
617	20.566667	163315544750291	163315544975916	catransaction-completed	163315544733708	0
618	20.600000	163315578071250	163315578207625	catransaction-completed	163315578063625	0
619	20.633333	163315611409916	163315611547500	catransaction-completed	163315611404375	0
620	20.666667	163315644734666	163315644864000	catransaction-completed	163315644728541	0
621	20.700000	163315678074166	163315678181708	catransaction-completed	163315678069125	0
622	20.733333	163315711422875	163315711526250	catransaction-completed	163315711413291	0
623	20.766667	163315744751166	163315744853750	catransaction-completed	163315744744958	0
624	20.800000	163315778078125	163315778155375	catransaction-completed	163315778074125	0
625	20.833333	163315811414041	163315811504958	catransaction-completed	163315811410541	0
626	20.866667	163315844736541	163315844837833	catransaction-completed	163315844732875	0
627	20.900000	163315878082541	163315878162375	catransaction-completed	163315878079041	0
628	20.933333	163315911416083	163315911479250	catransaction-completed	163315911412500	0
629	20.966667	163315944737500	163315944811500	catransaction-completed	163315944734333	0
630	21.000000	163315978073791	163315978154625	catransaction-completed	163315978069875	0
631	21.033333	163316011409875	163316011496250	catransaction-completed	163316011407250	0
632	21.066667	163316044741458	163316044817458	catransaction-completed	163316044737000	0
633	21.100000	163316078076208	163316078118000	catransaction-completed	163316078072500	0
634	21.133333	163316111408833	163316111489541	catransaction-completed	163316111403208	0
635	21.166667	163316144733375	163316144818000	catransaction-completed	163316144729708	0
636	21.200000	163316178062333	163316178150083	catransaction-completed	163316178058583	0
637	21.233333	163316211400750	163316211458291	catransaction-completed	163316211397416	0
638	21.266667	163316244735791	163316244801583	catransaction-completed	163316244732250	0
639	21.300000	163316278066958	163316278148750	catransaction-completed	163316278063500	0
640	21.333333	163316311401791	163316311470666	catransaction-completed	163316311398166	0
641	21.366667	163316344762291	163316344822708	catransaction-completed	163316344758250	0
642	21.400000	163316378076875	163316378147166	catransaction-completed	163316378072541	0
643	21.433333	163316411409791	163316411475000	catransaction-completed	163316411405916	0
644	21.466667	163316444763000	163316444892833	catransaction-completed	163316444755083	0
645	21.500000	163316478136166	163316478278166	catransaction-completed	163316478122375	0
646	21.533333	163316511428208	163316511589458	catransaction-completed	163316511419875	0
647	21.566667	163316544818666	163316545061458	catransaction-completed	163316544802625	0
648	21.600000	163316578103083	163316578395416	catransaction-completed	163316578080583	0
649	21.633333	163316611420291	163316611680708	catransaction-completed	163316611403708	0
650	21.666667	163316644754750	163316645014333	catransaction-completed	163316644739250	0
651	21.700000	163316678085208	163316678341750	catransaction-completed	163316678073375	0
652	21.733333	163316711415333	163316711568791	catransaction-completed	163316711403750	0
653	21.766667	163316744742083	163316744906875	catransaction-completed	163316744735916	0
654	21.800000	163316778124666	163316778331333	catransaction-completed	163316778113750	0
655	21.833333	163316811428416	163316811645750	catransaction-completed	163316811414750	0
656	21.866667	163316844745583	163316845041750	catransaction-completed	163316844727458	0
657	21.900000	163316878091833	163316878338500	catransaction-completed	163316878075416	0
658	21.933333	163316911427083	163316911691791	catransaction-completed	163316911410958	0
659	21.966667	163316944693166	163316944806041	catransaction-completed	163316944686500	0
660	22.000000	163316978031833	163316978237208	catransaction-completed	163316978020541	0
661	22.033333	163317011364541	163317011569625	catransaction-completed	163317011351375	0
662	22.066667	163317044690250	163317044794208	catransaction-completed	163317044683375	0
663	22.100000	163317073924250	163317074105750	catransaction-completed	163317073914666	0
664	22.133333	163317107252333	163317107496333	catransaction-completed	163317107236333	0
665	22.166667	163317140599625	163317140829500	catransaction-completed	163317140587458	0
666	22.200000	163317173914000	163317174074666	catransaction-completed	163317173902125	0
667	22.233333	163317207234916	163317207388458	catransaction-completed	163317207224000	0
668	22.266667	163317240591125	163317240719333	catransaction-completed	163317240581875	0
669	22.300000	163317273898250	163317274021208	catransaction-completed	163317273891791	0
670	22.333333	163317307227250	163317307322208	catransaction-completed	163317307220708	0
671	22.366667	163317340590208	163317340777625	catransaction-completed	163317340581333	0
672	22.400000	163317373935083	163317374128083	catransaction-completed	163317373924666	0
673	22.433333	163317407259375	163317407416833	catransaction-completed	163317407250541	0
674	22.466667	163317440568208	163317440795250	catransaction-completed	163317440558041	0
675	22.500000	163317473915208	163317474155166	catransaction-completed	163317473899416	0
676	22.533333	163317507275875	163317507512166	catransaction-completed	163317507259083	0
677	22.566667	163317540606041	163317540824458	catransaction-completed	163317540592958	0
678	22.600000	163317573910875	163317574393000	catransaction-completed	163317573898541	0
679	22.633333	163317607249041	163317607424541	catransaction-completed	163317607239583	0
680	22.666667	163317640568791	163317640740000	catransaction-completed	163317640558583	0
681	22.700000	163317673900208	163317674118875	catransaction-completed	163317673888916	0
682	22.733333	163317707265375	163317707377708	catransaction-completed	163317707257583	0
683	22.766667	163317740584000	163317740670666	catransaction-completed	163317740578958	0
684	22.800000	163317773903083	163317773956166	catransaction-completed	163317773899875	0
685	22.833333	163317807243250	163317807306958	catransaction-completed	163317807239666	0
686	22.866667	163317840572791	163317840663041	catransaction-completed	163317840569500	0
687	22.900000	163317873899500	163317873982208	catransaction-completed	163317873896333	0
688	22.933333	163317907253458	163317907480583	catransaction-completed	163317907238000	0
689	22.966667	163317940577416	163317940840541	catransaction-completed	163317940566500	0
690	23.000000	163317973917625	163317974142833	catransaction-completed	163317973904291	0
691	23.033333	163318007243666	163318007316000	catransaction-completed	163318007236541	0
692	23.066667	163318040591583	163318040798125	catransaction-completed	163318040581791	0
693	23.100000	163318073918958	163318074207125	catransaction-completed	163318073903291	0
694	23.133333	163318107240416	163318107414416	catransaction-completed	163318107229000	0
695	23.166667	163318140581916	163318140793208	catransaction-completed	163318140571750	0
696	23.200000	163318173906458	163318174153500	catransaction-completed	163318173896041	0
697	23.233333	163318207246708	163318207345083	catransaction-completed	163318207241666	0
698	23.266667	163318240572583	163318240630708	catransaction-completed	163318240569500	0
699	23.300000	163318273913583	163318274043666	catransaction-completed	163318273907333	0
700	23.333333	163318307250250	163318307325208	catransaction-completed	163318307244125	0
701	23.366667	163318340575750	163318340692541	catransaction-completed	163318340568125	0
702	23.400000	163318374013416	163318374093333	catransaction-completed	163318374009250	0
703	23.433333	163318407240083	163318407294583	catransaction-completed	163318407237541	0
704	23.466667	163318440575125	163318440662250	catransaction-completed	163318440571958	0
705	23.500000	163318473987750	163318474122583	catransaction-completed	163318473984000	0
706	23.533333	163318507235791	163318507362125	catransaction-completed	163318507232875	0
707	23.566667	163318540604375	163318540884333	catransaction-completed	163318540585833	0
708	23.600000	163318574003500	163318574301541	catransaction-completed	163318573979125	0
709	23.633333	163318607260416	163318607566958	catransaction-completed	163318607240875	0
710	23.666667	163318640569416	163318640771916	catransaction-completed	163318640558750	0
711	23.700000	163318673892958	163318674102458	catransaction-completed	163318673881375	0
712	23.733333	163318707229458	163318707304958	catransaction-completed	163318707225625	0
713	23.766667	163318740563041	163318740687083	catransaction-completed	163318740555958	0
714	23.800000	163318773899916	163318774045583	catransaction-completed	163318773893625	0
715	23.833333	163318807233833	163318807340333	catransaction-completed	163318807229125	0
716	23.866667	163318840571000	163318840655458	catransaction-completed	163318840568125	0
717	23.900000	163318873898791	163318873953166	catransaction-completed	163318873896708	0
718	23.933333	163318907232166	163318907303875	catransaction-completed	163318907229375	0
719	23.966667	163318940590416	163318940630208	catransaction-completed	163318940588625	0
720	24.000000	163318973906083	163318973998833	catransaction-completed	163318973901250	0
721	24.033333	163319007292625	163319007597250	catransaction-completed	163319007273416	0
722	24.066667	163319040591000	163319040818791	catransaction-completed	163319040573500	0
723	24.100000	163319073915583	163319074078875	catransaction-completed	163319073897208	0
724	24.133333	163319107221583	163319107333791	catransaction-completed	163319107213875	0
725	24.166667	163319140566583	163319140651500	catransaction-completed	163319140561583	0
726	24.200000	163319173906791	163319173994833	catransaction-completed	163319173902750	0
727	24.233333	163319207228208	163319207311833	catransaction-completed	163319207224500	0
728	24.266667	163319240578916	163319240635458	catransaction-completed	163319240575958	0
729	24.300000	163319273900750	163319274030625	catransaction-completed	163319273895333	0
730	24.333333	163319307242375	163319307307708	catransaction-completed	163319307238208	0
731	24.366667	163319340587541	163319340780625	catransaction-completed	163319340568083	0
732	24.400000	163319373897666	163319374066500	catransaction-completed	163319373886125	0
733	24.433333	163319407240041	163319407383291	catransaction-completed	163319407228333	0
734	24.466667	163319440564625	163319440802166	catransaction-completed	163319440552666	0
735	24.500000	163319473933875	163319474174750	catransaction-completed	163319473922083	0
736	24.533333	163319507229833	163319507420583	catransaction-completed	163319507214375	0
737	24.566667	163319540581750	163319540697875	catransaction-completed	163319540574833	0
738	24.600000	163319573877666	163319573982416	catransaction-completed	163319573873291	0
739	24.633333	163319607212666	163319607327375	catransaction-completed	163319607208958	0
740	24.666667	163319640551916	163319640671750	catransaction-completed	163319640546291	0
741	24.700000	163319673899958	163319674063208	catransaction-completed	163319673889500	0
742	24.733333	163319707245958	163319707437375	catransaction-completed	163319707235458	0
743	24.766667	163319740583291	163319740799333	catransaction-completed	163319740573916	0
744	24.800000	163319773909083	163319774126458	catransaction-completed	163319773890416	0
745	24.833333	163319807270791	163319807607000	catransaction-completed	163319807250291	0
746	24.866667	163319840560041	163319840771333	catransaction-completed	163319840544583	0
747	24.900000	163319873893958	163319874144791	catransaction-completed	163319873880375	0
748	24.933333	163319907237541	163319907357583	catransaction-completed	163319907226833	0
749	24.966667	163319940575666	163319940707000	catransaction-completed	163319940568625	0
750	25.000000	163319973903916	163319974152708	catransaction-completed	163319973893916	0
751	25.033333	163320007383625	163320007705375	catransaction-completed	163320007354166	0
752	25.066667	163320040560625	163320040663750	catransaction-completed	163320040553208	0
753	25.100000	163320073887708	163320073976708	catransaction-completed	163320073880666	0
754	25.133333	163320107219166	163320107287041	catransaction-completed	163320107214875	0
755	25.166667	163320140552708	163320140648750	catransaction-completed	163320140548041	0
756	25.200000	163320173886833	163320173958291	catransaction-completed	163320173882416	0
757	25.233333	163320207228416	163320207299625	catransaction-completed	163320207224125	0
758	25.266667	163320240566250	163320240637875	catransaction-completed	163320240562041	0
759	25.300000	163320273899708	163320273952125	catransaction-completed	163320273895250	0
760	25.333333	163320307244041	163320307396500	catransaction-completed	163320307239500	0
761	25.366667	163320340563083	163320340694916	catransaction-completed	163320340559875	0
762	25.400000	163320373898083	163320373978958	catransaction-completed	163320373894791	0
763	25.433333	163320407225666	163320407290000	catransaction-completed	163320407222666	0
764	25.466667	163320440560666	163320440640750	catransaction-completed	163320440557541	0
765	25.500000	163320473893250	163320473960541	catransaction-completed	163320473890458	0
766	25.533333	163320507237375	163320507323333	catransaction-completed	163320507234416	0
767	25.566667	163320540552833	163320540626833	catransaction-completed	163320540549500	0
768	25.600000	163320573884208	163320573945916	catransaction-completed	163320573881333	0
769	25.633333	163320607229458	163320607301458	catransaction-completed	163320607227000	0
770	25.666667	163320640558375	163320640628416	catransaction-completed	163320640556000	0
771	25.700000	163320673904750	163320673980416	catransaction-completed	163320673902541	0
772	25.733333	163320707221583	163320707286208	catransaction-completed	163320707218583	0
773	25.766667	163320740562291	163320740608625	catransaction-completed	163320740559166	0
774	25.800000	163320773895291	163320773934666	catransaction-completed	163320773892750	0
775	25.833333	163320807214666	163320807284208	catransaction-completed	163320807212000	0
776	25.866667	163320840545500	163320840623583	catransaction-completed	163320840542166	0
777	25.900000	163320873888458	163320873972125	catransaction-completed	163320873885708	0
778	25.933333	163320907217666	163320907271958	catransaction-completed	163320907213791	0
779	25.966667	163320940550291	163320940623083	catransaction-completed	163320940547916	0
780	26.000000	163320973900458	163320973960708	catransaction-completed	163320973896916	0
781	26.033333	163321007217250	163321007305666	catransaction-completed	163321007215083	0
782	26.066667	163321040561750	163321040635958	catransaction-completed	163321040559125	0
783	26.100000	163321073879625	163321073926416	catransaction-completed	163321073877291	0
784	26.133333	163321107219750	163321107261166	catransaction-completed	163321107217625	0
785	26.166667	163321140546916	163321140625958	catransaction-completed	163321140543583	0
786	26.200000	163321173888916	163321173965083	catransaction-completed	163321173885833	0
787	26.233333	163321207210000	163321207247541	catransaction-completed	163321207207583	0
788	26.266667	163321240558958	163321240600625	catransaction-completed	163321240555958	0
789	26.300000	163321273900458	163321273972541	catransaction-completed	163321273897333	0
790	26.333333	163321307220166	163321307262041	catransaction-completed	163321307217666	0
791	26.366667	163321340559541	163321340645458	catransaction-completed	163321340556250	0
792	26.400000	163321373885500	163321373951083	catransaction-completed	163321373882625	0
793	26.433333	163321407220000	163321407278250	catransaction-completed	163321407216625	0
794	26.466667	163321440563916	163321440641250	catransaction-completed	163321440561375	0
795	26.500000	163321473884208	163321473917041	catransaction-completed	163321473882375	0
796	26.533333	163321507224291	163321507317291	catransaction-completed	163321507221166	0
797	26.566667	163321540556916	163321540639833	catransaction-completed	163321540553791	0
798	26.600000	163321573887000	163321573946750	catransaction-completed	163321573882125	0
799	26.633333	163321607215000	163321607291750	catransaction-completed	163321607210583	0
800	26.666667	163321640548916	163321640609583	catransaction-completed	163321640545166	0
801	26.700000	163321673881750	163321673967625	catransaction-completed	163321673877208	0
802	26.733333	163321707212125	163321707278541	catransaction-completed	163321707208208	0
803	26.766667	163321740550375	163321740632416	catransaction-completed	163321740547041	0
804	26.800000	163321773891333	163321773942166	catransaction-completed	163321773889083	0
805	26.833333	163321807219833	163321807288791	catransaction-completed	163321807217166	0
806	26.866667	163321840552291	163321840625791	catransaction-completed	163321840548541	0
807	26.900000	163321873882041	163321873966458	catransaction-completed	163321873878166	0
808	26.933333	163321907215625	163321907283125	catransaction-completed	163321907211125	0
809	26.966667	163321940546333	163321940620458	catransaction-completed	163321940542791	0
810	27.000000	163321973886416	163321973979041	catransaction-completed	163321973882750	0
811	27.033333	163322007229458	163322007322750	catransaction-completed	163322007226416	0
812	27.066667	163322040557833	163322040643250	catransaction-completed	163322040555083	0
813	27.100000	163322073894916	163322073975833	catransaction-completed	163322073891250	0
814	27.133333	163322107222958	163322107269708	catransaction-completed	163322107220208	0
815	27.166667	163322140547208	163322140616000	catransaction-completed	163322140544416	0
816	27.200000	163322173880666	163322173959708	catransaction-completed	163322173877708	0
817	27.233333	163322207217958	163322207282041	catransaction-completed	163322207213875	0
818	27.266667	163322240555166	163322240615625	catransaction-completed	163322240551875	0
819	27.300000	163322273910291	163322273960666	catransaction-completed	163322273908000	0
820	27.333333	163322307218375	163322307262666	catransaction-completed	163322307212875	0
821	27.366667	163322340597625	163322340653666	catransaction-completed	163322340596000	0
822	27.400000	163322373916208	163322373959458	catransaction-completed	163322373914333	0
823	27.433333	163322407281875	163322407351666	catransaction-completed	163322407278250	0
824	27.466667	163322440610416	163322441037875	catransaction-completed	163322440589708	0
825	27.500000	163322473919958	163322474241916	catransaction-completed	163322473902583	0
826	27.533333	163322507221125	163322507459333	catransaction-completed	163322507207583	0
827	27.566667	163322540601833	163322540905416	catransaction-completed	163322540581083	0
828	27.600000	163322573984041	163322574403041	catransaction-completed	163322573963416	0
829	27.633333	163322607247708	163322607431166	catransaction-completed	163322607239875	0
830	27.666667	163322640550833	163322640801875	catransaction-completed	163322640537791	0
831	27.700000	163322673888750	163322674140250	catransaction-completed	163322673872125	0
832	27.733333	163322707229083	163322707462208	catransaction-completed	163322707215125	0
833	27.766667	163322740547958	163322740715333	catransaction-completed	163322740538208	0
834	27.800000	163322773905000	163322774106041	catransaction-completed	163322773888791	0
835	27.833333	163322807247875	163322807551458	catransaction-completed	163322807233666	0
836	27.866667	163322840557625	163322840681666	catransaction-completed	163322840548500	0
837	27.900000	163322873899583	163322874125500	catransaction-completed	163322873889958	0
838	27.933333	163322907248458	163322907396000	catransaction-completed	163322907235583	0
839	27.966667	163322940614541	163322940819416	catransaction-completed	163322940599833	0
