/Users/wesleymaa/Downloads/kbot-pushing.mp4	NATIVE_OK	drawn=108
/Users/wesleymaa/Downloads/appleads.mp4	NATIVE_OK	drawn=164
/Users/wesleymaa/Downloads/Untitled.mp4	NATIVE_OK	drawn=160
/Users/wesleymaa/Downloads/leflexitac_assembly_edited_compressed.mp4	NATIVE_OK	drawn=116
/Users/wesleymaa/Downloads/vidya.mp4	NATIVE_OK	drawn=110
/Users/wesleymaa/Downloads/Screencast from 01-28-2026 04:53:24 PM.mp4	FALLBACK	"selected video has non-square pixels (anamorphic); libavformat: LibavformatPresentationMetadataUnsupported"
/Users/wesleymaa/Downloads/visual_hand_data_trimmed.mp4	FALLBACK	"selected video has non-square pixels (anamorphic); libavformat: LibavformatPresentationMetadataUnsupported"
/Users/wesleymaa/Downloads/PXL_20250729_045448421.mp4	FALLBACK	"CoreMedia audio input/output timing contains an edit"
/Users/wesleymaa/Downloads/human_teleop.mp4	NATIVE_OK	drawn=268
/Users/wesleymaa/Downloads/C0478_1.mp4	NATIVE_OK	drawn=131
/Users/wesleymaa/Downloads/teleop.mp4	NATIVE_OK	drawn=159
/Users/wesleymaa/Downloads/IMG_6793.mp4	NATIVE_OK	drawn=117
/Users/wesleymaa/Downloads/pyflexitac_tutorial_compressed.mp4	NATIVE_OK	drawn=144
/Users/wesleymaa/Downloads/boxing_trimmed.mp4	NATIVE_OK	drawn=142
/Users/wesleymaa/Downloads/IMG_7267.mp4	FALLBACK	"selected video color is outside the native v1 presentation contract; libavformat: LibavformatAudioTimingUnproven: aac"
/Users/wesleymaa/Downloads/Untitled-wam.mp4	NATIVE_OK	drawn=65
/Users/wesleymaa/Downloads/fasterkick.mp4	NATIVE_OK	drawn=106
/Users/wesleymaa/Downloads/SLOWMOTION.mp4	NATIVE_OK	drawn=119
/Users/wesleymaa/Downloads/trimmed_handpose_test.mp4	NATIVE_OK	drawn=163
/Users/wesleymaa/Downloads/leflexitac_assembly.mp4	NATIVE_OK	drawn=113
/Users/wesleymaa/Downloads/stand_jun2.mp4	NATIVE_OK	drawn=137
/Users/wesleymaa/Downloads/C0478.mp4	NATIVE_OK	drawn=101
/Users/wesleymaa/Downloads/leflexitac_assembly_light.mp4	NATIVE_OK	drawn=108
/Users/wesleymaa/Downloads/boxing_trimed.mp4	NATIVE_OK	drawn=137
/Users/wesleymaa/Downloads/leflexitac_assembly_edited.mp4	NATIVE_OK	drawn=127
/Users/wesleymaa/Downloads/Screen Recording 2024-10-16 at 6.mp4	NATIVE_OK	drawn=329
/Users/wesleymaa/Downloads/side_cam.mp4	NATIVE_OK	drawn=147
/Users/wesleymaa/Downloads/RobstrideOfficeSmall.mp4	NATIVE_OK	drawn=138
/Users/wesleymaa/Downloads/il_rollout.mp4	NATIVE_OK	drawn=144
/Users/wesleymaa/Downloads/embedded.mp4	NATIVE_OK	drawn=140
/Users/wesleymaa/Downloads/vids/left_1.mp4	NATIVE_OK	drawn=160
/Users/wesleymaa/Downloads/vids/left_0.mp4	NATIVE_OK	drawn=159
/Users/wesleymaa/Downloads/vids/left_2.mp4	NATIVE_OK	drawn=159
/Users/wesleymaa/Downloads/vids/left_3.mp4	NATIVE_OK	drawn=190
/Users/wesleymaa/Downloads/vids/left_4.mp4	NATIVE_OK	drawn=188
/Users/wesleymaa/Downloads/vids/left_5.mp4	NATIVE_OK	drawn=169
/Users/wesleymaa/Downloads/mujoco_scripts/force_test_20250206_100039.mp4	NATIVE_OK	drawn=4814
/Users/wesleymaa/Downloads/insta_2025/kbot-pushing-short.mp4	NATIVE_OK	drawn=113
/Users/wesleymaa/Downloads/slide_assets/pizza.mp4	NATIVE_OK	drawn=135
/Users/wesleymaa/Downloads/slide_assets/diffusion_yep.mp4	NATIVE_OK	drawn=136
/Users/wesleymaa/Downloads/slide_assets/diffusion_example.mp4	NATIVE_OK	drawn=164
/Users/wesleymaa/Downloads/slide_assets/wipe_ood_4x.mp4	NATIVE_OK	drawn=148
/Users/wesleymaa/Downloads/slide_assets/lstm_example.mp4	NATIVE_OK	drawn=144
/Users/wesleymaa/Downloads/slide_assets/franka_pour_corn.mp4	NATIVE_OK	drawn=141
/Users/wesleymaa/Downloads/slide_assets/trimmed_autorollout.mp4	NATIVE_OK	drawn=134
/Users/wesleymaa/Downloads/angel-bamboo/angel_clip2.mp4	FALLBACK	"selected video color is outside the native v1 presentation contract; libavformat: LibavformatPresentationMetadataUnsupp
/Users/wesleymaa/Downloads/angel-bamboo/_part1_5x_6x.mp4	NATIVE_OK	drawn=129
/Users/wesleymaa/Downloads/angel-bamboo/angel_bamboo_6x_8x.mp4	NATIVE_OK	drawn=158
/Users/wesleymaa/Downloads/angel-bamboo/angel_bamboo_20s.mp4	NATIVE_OK	drawn=141
/Users/wesleymaa/Downloads/angel-bamboo/_part2_4x_5x.mp4	NATIVE_OK	drawn=140
/Users/wesleymaa/Downloads/angel-bamboo/angel_bamboo_60s.mp4	NATIVE_OK	drawn=136
/Users/wesleymaa/Downloads/angel-bamboo/angel1_prep.mp4	FALLBACK	"selected video color is outside the native v1 presentation contract; libavformat: LibavformatPresentationMetadataUnsupp
/Users/wesleymaa/Downloads/angel-bamboo/_shishi1_4x_5x.mp4	NATIVE_OK	drawn=136
/Users/wesleymaa/Downloads/angel-bamboo/shishi_prep.mp4	NATIVE_OK	drawn=139
/Users/wesleymaa/Downloads/angel-bamboo/_shishi2_5x_6x.mp4	NATIVE_OK	drawn=162
/Users/wesleymaa/Downloads/angel-bamboo/shishi_odoshi.mp4	NATIVE_OK	drawn=165
/Users/wesleymaa/Downloads/angel-bamboo/shishi_video.mp4	NATIVE_OK	drawn=145
/Users/wesleymaa/Downloads/angel-bamboo/part1.mp4	NATIVE_OK	drawn=142
/Users/wesleymaa/Downloads/angel-bamboo/angel_bamboo_30s.mp4	NATIVE_OK	drawn=139
/Users/wesleymaa/Downloads/angel-bamboo/_part2_6x_8x.mp4	NATIVE_OK	drawn=137
/Users/wesleymaa/Downloads/angel-bamboo/part2.mp4	NATIVE_OK	drawn=136
/Users/wesleymaa/Downloads/angel-bamboo/_shishi2_3x_4x.mp4	NATIVE_OK	drawn=137
/Users/wesleymaa/Downloads/angel-bamboo/angel_bamboo_4x_5x.mp4	NATIVE_OK	drawn=161
/Users/wesleymaa/Downloads/angel-bamboo/_part1_3x_4x.mp4	NATIVE_OK	drawn=147
/Users/wesleymaa/Downloads/angel-bamboo/_shishi1_6x_8x.mp4	NATIVE_OK	drawn=143
/Users/wesleymaa/Downloads/angel-bamboo/shishi2_raw.mp4	NATIVE_OK	drawn=142
/Users/wesleymaa/Downloads/angel-bamboo/shishi2_v.mp4	NATIVE_OK	drawn=142
/Users/wesleymaa/Downloads/angel-bamboo/_shishi1_3x_4x.mp4	NATIVE_OK	drawn=136
/Users/wesleymaa/Downloads/angel-bamboo/angel_bamboo_5x_6x.mp4	NATIVE_OK	drawn=134
/Users/wesleymaa/Downloads/angel-bamboo/angel_bamboo_45s.mp4	NATIVE_OK	drawn=161
/Users/wesleymaa/Downloads/angel-bamboo/_part1_6x_8x.mp4	NATIVE_OK	drawn=160
/Users/wesleymaa/Downloads/angel-bamboo/angel2_prep.mp4	FALLBACK	"selected video color is outside the native v1 presentation contract; libavformat: LibavformatPresentationMetadataUnsupp
/Users/wesleymaa/Downloads/angel-bamboo/video_no_audio.mp4	NATIVE_OK	drawn=120
/Users/wesleymaa/Downloads/angel-bamboo/_shishi2_6x_8x.mp4	NATIVE_OK	drawn=137
/Users/wesleymaa/Downloads/angel-bamboo/_part2_3x_4x.mp4	NATIVE_OK	drawn=139
/Users/wesleymaa/Downloads/angel-bamboo/angel2_v.mp4	FALLBACK	"selected video color is outside the native v1 presentation contract; libavformat: LibavformatPresentationMetadataUnsupp
/Users/wesleymaa/Downloads/angel-bamboo/shishi1_v.mp4	NATIVE_OK	drawn=134
/Users/wesleymaa/Downloads/angel-bamboo/_part1_4x_5x.mp4	NATIVE_OK	drawn=160
/Users/wesleymaa/Downloads/angel-bamboo/_part2_5x_6x.mp4	NATIVE_OK	drawn=160
/Users/wesleymaa/Downloads/angel-bamboo/angel_bamboo_15s.mp4	NATIVE_OK	drawn=142
/Users/wesleymaa/Downloads/angel-bamboo/angel1_v.mp4	FALLBACK	"selected video color is outside the native v1 presentation contract; libavformat: LibavformatPresentationMetadataUnsupp
/Users/wesleymaa/Downloads/angel-bamboo/_shishi1_5x_6x.mp4	NATIVE_OK	drawn=139
/Users/wesleymaa/Downloads/angel-bamboo/_shishi2_4x_5x.mp4	NATIVE_OK	drawn=135
/Users/wesleymaa/Downloads/angel-bamboo/angel_combined.mp4	FALLBACK	"selected video color is outside the native v1 presentation contract; libavformat: LibavformatPresentationMetadataUnsupp
/Users/wesleymaa/Downloads/angel-bamboo/angel_bamboo_3x_4x.mp4	NATIVE_OK	drawn=161
/Users/wesleymaa/Downloads/angel-bamboo/angel_bamboo_final.mp4	NATIVE_OK	drawn=160
/Users/wesleymaa/Desktop/Audio Files/POW #4 Oral Presentation.mp4	NATIVE_OK	drawn=288
/Users/wesleymaa/Desktop/Audio Files/萝卜糕.mp4	NATIVE_OK	drawn=144
/Users/wesleymaa/Downloads/Weekly Updates/2025-08-01/zbot33.mp4	FALLBACK	"selected video sample format is outside native v1; libavformat: LibavformatVideoConfigurationNotAdmitted"
/Users/wesleymaa/Downloads/Weekly Updates/2025-08-01/495_2.mp4	FALLBACK	"selected video sample format is outside native v1; libavformat: LibavformatVideoConfigurationNotAdmitted"
/Users/wesleymaa/Downloads/Weekly Updates/2025-07-11/amp6.mp4	FALLBACK	"selected video sample format is outside native v1; libavformat: LibavformatVideoConfigurationNotAdmitted"
/Users/wesleymaa/Movies/RustDesk/old/outgoing_175981962_20260208203414622_display0_h265.mp4	NATIVE_OK	drawn=118
/Users/wesleymaa/Movies/RustDesk/old/outgoing_175981962_20260208220322285_display0_h265.mp4	NATIVE_OK	drawn=117
/Users/wesleymaa/Movies/RustDesk/old/outgoing_175981962_20260208215604603_display0_h265.mp4	NATIVE_OK	drawn=151
/Users/wesleymaa/Movies/RustDesk/old/outgoing_175981962_20260208205646393_display0_h265.mp4	NATIVE_OK	drawn=153
/Users/wesleymaa/Movies/RustDesk/old/outgoing_175981962_20260208210701843_display0_h265.mp4	NATIVE_OK	drawn=154
/Users/wesleymaa/Movies/RustDesk/old/outgoing_175981962_20260127121923093_display0_h265.mp4	NATIVE_OK	drawn=15
